id,bid,正文,头条文章url,原始图片url,视频url,位置,日期,工具,点赞数,评论数,转发数,话题,@用户,是否原创,源用户id,源用户昵称,源微博id,源微博bid,源微博正文,源微博头条文章url,源微博原始图片url,源微博视频url,源微博位置,源微博日期,源微博工具,源微博点赞数,源微博评论数,源微博转发数,源微博话题,源微博@用户
4961135800354398	,NpEq81uc6,致敬英雄航天员！祝贺神十七发射取得圆满成功！,,,,,2023-10-26T16:53:31,,176747,18954,71476,,,2023-10-26 16:53:31,False,2656274875,央视新闻,4961054899831425	,NpCjDFfBn,【此刻，一起转发！#祝贺神十七发射圆满成功#】神舟十七号载人飞船与火箭成功分离，进入预定轨道，航天员乘组状态良好，发射取得圆满成功。接下来，期待#神十六神十七航天员会师太空#！点赞中国航天！#神十七发射现场# ,,https://wx2.sinaimg.cn/large/002TLsr9ly1hj8ie8loahj60u01hc4qr02.jpg,,,2023-10-26T11:32:03,微博网页版,71447,10020,2264501,"祝贺神十七发射圆满成功,神十六神十七航天员会师太空,神十七发射现场",,2023-10-26 11:32:03
4960720595191577	,NptCrlMz7,#花儿与少年# ✈️第一站利雅得～有事儿记得+86 call☎️哦～～[我来了] ,,"https://wx2.sinaimg.cn/large/001P0DUIly1hj7fzpdvajj623t35oqv702.jpg,https://wx2.sinaimg.cn/large/001P0DUIly1hj7fzmgt96j62gs3p3kjo02.jpg",,,2023-10-25T13:23:38,,1547758,165571,1000000,花儿与少年,,2023-10-25 13:23:38,True
4959959738745463	,Np9PfAH5R,,,,,,2023-10-23T11:00:16,明星动态,1214718,40345,1000000,,,2023-10-23 11:00:16,True
4959949195838350	,Np9yfouOW,"#花儿与少年##和花少团一起晒旅游足迹# 这一周是什么周？花少周～星期四前来报道
 ",,"https://wx4.sinaimg.cn/large/001P0DUIly1hj4ze5ermxj60x4185x0c02.jpg,https://wx3.sinaimg.cn/large/001P0DUIly1hj4ze4basej60zk1betuo02.jpg,https://wx1.sinaimg.cn/large/001P0DUIly1hj4ze7aq3hj61be0vlni002.jpg,https://wx2.sinaimg.cn/large/001P0DUIly1hj4ze9hdnsj61hc0zkb2902.jpg",,,2023-10-23T10:18:22,,2426850,165787,1000000,"花儿与少年,和花少团一起晒旅游足迹",,2023-10-23 10:18:22,True
4958228779372146	,NoqNnDk7E,#丝路行旅图# 穿越千年，跨越山海，我们一起花路同行！,,,,,2023-10-18T16:22:03,,906969,73573,192720,丝路行旅图,,2023-10-18 16:22:03,False,2803301701,人民日报,4957764301619510	,NoeIe6Nj8,【转发收藏！绝美#丝路行旅图#】一组丝路行旅图，带你穿越千年↓↓#一带一路# #大道共通# ,,"https://wx3.sinaimg.cn/large/0033ImPzly1hiy0fa4xvbj61ip6kg4qx02.jpg,https://wx2.sinaimg.cn/large/0033ImPzly1hiy0fayl3cj61ip7b44qx02.jpg,https://wx2.sinaimg.cn/large/0033ImPzly1hiy0fa3zpuj61ip7dy7wo02.jpg,https://wx3.sinaimg.cn/large/0033ImPzly1hiy0fb42lej61ip8v84qy02.jpg,https://wx4.sinaimg.cn/large/0033ImPzly1hiy0fagnhsj61ip8meqvc02.jpg,https://wx2.sinaimg.cn/large/0033ImPzly1hiy0f8iwsxj61ip7ywhdz02.jpg,https://wx1.sinaimg.cn/large/0033ImPzly1hiy0fajfh9j61ip8rpnpk02.jpg,https://wx3.sinaimg.cn/large/0033ImPzly1hiy0f93pkrj61ip7e1kjr02.jpg,https://wx4.sinaimg.cn/large/0033ImPzly1hiy0f9yua6j61ipa6hu1402.jpg",,,2023-10-17T09:36:23,微博网页版,60073,3743,498604,"丝路行旅图,一带一路,大道共通",,2023-10-17 09:36:23
4957567317704849	,No9AvwknL,"很高兴为@Swisse斯维诗 超光瓶新品揭幕，见证健康时尚全新诠释。
敢于上扬发光的秘密，是我的全新健康时尚单品「斯维诗超光瓶」，和我一起闪耀启程。#上扬真的会发光##斯维诗 自然健康新时尚# ",,"https://wx3.sinaimg.cn/large/001P0DUIly1hixdunwom9j647s5wiu1502.jpg,https://wx1.sinaimg.cn/large/001P0DUIly1hixduaa8glj64fi67be8902.jpg,https://wx2.sinaimg.cn/large/001P0DUIly1hixdu666x0j66bk47s4qy02.jpg,https://wx4.sinaimg.cn/large/001P0DUIly1hixdug3f9tj66bk47sqv902.jpg,https://wx4.sinaimg.cn/large/001P0DUIly1hixdujc4rfj64585sx7wl02.jpg,https://wx2.sinaimg.cn/large/001P0DUIly1hixdud13tmj645b5t11l102.jpg",,,2023-10-16T20:33:37,,2232935,757497,1000000,"上扬真的会发光,斯维诗 自然健康新时尚",Swisse斯维诗,2023-10-16 20:33:37,True
4957485812942004	,No7t3cllG,#珠江人家# 支持小立夏～ 追起来！,,,,,2023-10-16T15:09:46,,295994,20040,7069,珠江人家,,2023-10-16 15:09:46,False,1275238313,郭晓婷,4957453218483015	,No6CtzAOP,"#珠江人家# 身处逆境，心怀热忱。传承粤剧文化，成为时代追光人。
 ",,"https://wx4.sinaimg.cn/large/001oiLJTgy1hix0ceaw88j60u01hcgxk02.jpg,https://wx3.sinaimg.cn/large/001oiLJTgy1hix0cex1lxj60u01hcaka02.jpg,https://wx2.sinaimg.cn/large/001oiLJTgy1hix0cfmwr5j60u01hcn8t02.jpg",,,2023-10-16T13:00:15,荣耀Magic V2,26399,3852,39094,珠江人家,,2023-10-16 13:00:15
4957403043335699	,No5jydZLB,即使相隔万水千山，我们依然携手并肩。#山海同心#，共赴#一带一路十年之约#,,,,,2023-10-16T09:40:52,,919275,44003,951239,"山海同心,一带一路十年之约",,2023-10-16 09:40:52,False,1699432410,新华社,4957394506351907	,No55MqEq7,"【#一带一路十年之约#】有一条路，能够跨越无边山脉的阻隔，闯过千万颗地雷的险阻，穿越弥漫硝烟、惊涛骇浪，用爱照见希望的曙光，见证心与心的相连。《#山海同心#》，共赴十年之约。 
新华社的微博视频
 ",,,"https://f.video.weibocdn.com/o0/AOQdhXZ1lx089pEbO8Ew01041207Sfrj0E030.mp4?label=mp4_720p&template=1280x720.25.0&ori=0&ps=1CwnkDw1GXwCQx&Expires=1698320883&ssig=48Z%2F2K9%2BsA&KID=unistore,video",,2023-10-16T09:06:57,微博视频号,1812089,61838,13179302,"一带一路十年之约,山海同心",,2023-10-16 09:06:57
